{"dataset": [{"A": [[0, 0, 0, 0, 1, 1, 1, 2, 2, 2, 3, 3, 4, 4, 4, 5, 5, 5, 6, 6, 6, 7, 7, 7, 8, 8, 8, 9, 9, 9, 10, 10, 10, 11, 11, 11, 12, 12, 13, 14, 14, 15, 15, 16, 16, 17, 17, 18, 18, 19, 19, 20, 21, 21, 22, 22, 23, 23, 24, 24, 25, 25, 25, 26, 26, 27, 27, 28, 28, 29, 29, 30, 30, 31, 31, 32, 33, 33, 34, 35, 35, 36, 36, 37, 37, 37, 37, 38, 38, 39, 39, 39, 40, 40, 40, 41, 41, 42, 42, 43, 43, 44, 44, 45, 45, 45, 46, 46, 47, 47, 48, 48, 49, 49, 50, 51, 52, 53, 53, 54, 54, 55, 55, 56, 56, 57, 57, 58, 58, 59, 59, 60, 61, 62, 63, 64, 65, 66, 67, 68, 69, 70, 71, 72, 73, 74, 75], [0, 1, 13, 12, 1, 2, 21, 2, 3, 21, 3, 21, 4, 5, 14, 5, 6, 14, 6, 7, 15, 7, 8, 15, 8, 9, 15, 9, 10, 16, 10, 11, 17, 11, 12, 18, 13, 19, 20, 15, 22, 16, 23, 17, 24, 18, 25, 27, 26, 20, 27, 28, 21, 29, 23, 30, 24, 31, 25, 31, 26, 32, 32, 27, 33, 28, 33, 29, 34, 29, 34, 31, 35, 32, 35, 35, 34, 39, 39, 36, 41, 51, 43, 33, 38, 45, 51, 49, 47, 49, 48, 46, 34, 40, 49, 42, 53, 43, 54, 44, 50, 45, 51, 46, 52, 51, 47, 52, 48, 58, 49, 59, 49, 59, 54, 55, 56, 54, 60, 55, 63, 56, 64, 57, 68, 58, 69, 59, 70, 74, 72, 61, 62, 63, 64, 65, 66, 67, 68, 69, 70, 71, 72, 73, 74, 75, 75]], "nodes_feature": [[422.0, 64.0, 0.6527233115468409, 0.9803921568627452, 0.84568097509274, 0.07469064021398707, 0.8456809750927399, 0.6666666666666666, 0.2222222222222222], [452.0, 63.0, 0.9274509803921569, 0.9949579831932773, 0.9593542680229987, 0.020760271288237202, 0.9593542680229987, 0.6071428571428571, 0.4642857142857143], [494.0, 63.0, 0.9274509803921569, 0.9949579831932773, 0.9593542680229987, 0.020760271288237202, 0.9593542680229987, 0.6071428571428571, 0.4642857142857143], [526.0, 64.0, 0.1372549019607843, 0.9967320261437909, 0.6665158371040724, 0.24404474919791572, 0.6665158371040724, 0.0, 0.3333333333333333], [70.0, 98.0, 0.6527233115468409, 0.9803921568627452, 0.84568097509274, 0.07469064021398707, 0.8456809750927399, 0.6666666666666666, 0.2222222222222222], [90.0, 97.0, 0.45555555555555555, 0.9986928104575163, 0.7735042735042735, 0.1718044280407325, 0.7735042735042735, 0.5, 0.0], [116.0, 97.0, 0.6527233115468409, 0.9803921568627452, 0.84568097509274, 0.07469064021398707, 0.8456809750927399, 0.6666666666666666, 0.2222222222222222], [132.0, 98.0, 0.7264705882352941, 0.8686274509803922, 0.7836601307189542, 0.06126906293873425, 0.7836601307189542, 0.0, 0.5], [160.0, 98.0, 0.6527233115468409, 0.9803921568627452, 0.84568097509274, 0.07469064021398707, 0.8456809750927399, 0.6666666666666666, 0.2222222222222222], [195.0, 97.0, 0.45555555555555555, 0.9986928104575163, 0.7735042735042735, 0.1718044280407325, 0.7735042735042735, 0.5, 0.0], [242.0, 97.0, 0.6527233115468409, 0.9803921568627452, 0.84568097509274, 0.07469064021398707, 0.8456809750927399, 0.6666666666666666, 0.2222222222222222], [300.0, 97.0, 0.45555555555555555, 0.9986928104575163, 0.7735042735042735, 0.1718044280407325, 0.7735042735042735, 0.5, 0.0], [345.0, 98.0, 0.6527233115468409, 0.9803921568627452, 0.84568097509274, 0.07469064021398707, 0.8456809750927399, 0.6666666666666666, 0.2222222222222222], [388.0, 97.0, 0.45555555555555555, 0.9986928104575163, 0.7735042735042735, 0.1718044280407325, 0.7735042735042735, 0.5, 0.0], [62.0, 137.0, 0.5281045751633987, 0.9196078431372549, 0.8043137254901961, 0.14429300315368634, 0.8043137254901961, 0.16666666666666666, 0.6666666666666666], [148.0, 137.0, 0.45555555555555555, 0.9986928104575163, 0.7735042735042735, 0.1718044280407325, 0.7735042735042735, 0.5, 0.0], [172.0, 137.0, 0.45555555555555555, 0.9986928104575163, 0.7735042735042735, 0.1718044280407325, 0.7735042735042735, 0.5, 0.0], [282.0, 138.0, 0.6527233115468409, 0.9803921568627452, 0.84568097509274, 0.07469064021398707, 0.8456809750927399, 0.6666666666666666, 0.2222222222222222], [307.0, 137.0, 0.45555555555555555, 0.9986928104575163, 0.7735042735042735, 0.1718044280407325, 0.7735042735042735, 0.5, 0.0], [330.0, 138.0, 0.794686907020873, 0.9562302340290955, 0.9008503759926909, 0.04127482230795316, 0.9008503759926908, 0.16129032258064516, 0.12903225806451613], [360.0, 138.0, 0.794686907020873, 0.9562302340290955, 0.9008503759926909, 0.04127482230795316, 0.9008503759926908, 0.16129032258064516, 0.12903225806451613], [491.0, 138.0, 0.45555555555555555, 0.9986928104575163, 0.7735042735042735, 0.1718044280407325, 0.7735042735042735, 0.5, 0.0], [62.0, 186.0, 0.5281045751633987, 0.9196078431372549, 0.8043137254901961, 0.14429300315368634, 0.8043137254901961, 0.16666666666666666, 0.6666666666666666], [146.0, 186.0, 0.45555555555555555, 0.9986928104575163, 0.7735042735042735, 0.1718044280407325, 0.7735042735042735, 0.5, 0.0], [172.0, 186.0, 0.45555555555555555, 0.9986928104575163, 0.7735042735042735, 0.1718044280407325, 0.7735042735042735, 0.5, 0.0], [268.0, 187.0, 0.9274509803921569, 0.9949579831932773, 0.9593542680229987, 0.020760271288237202, 0.9593542680229987, 0.6071428571428571, 0.4642857142857143], [317.0, 186.0, 0.45555555555555555, 0.9986928104575163, 0.7735042735042735, 0.1718044280407325, 0.7735042735042735, 0.5, 0.0], [340.0, 191.0, 0.794686907020873, 0.9562302340290955, 0.9008503759926909, 0.04127482230795316, 0.9008503759926908, 0.16129032258064516, 0.12903225806451613], [368.0, 192.0, 0.7264705882352941, 0.8686274509803922, 0.7836601307189542, 0.06126906293873425, 0.7836601307189542, 0.0, 0.5], [506.0, 186.0, 0.794686907020873, 0.9562302340290955, 0.9008503759926909, 0.04127482230795316, 0.9008503759926908, 0.16129032258064516, 0.12903225806451613], [62.0, 256.0, 0.5281045751633987, 0.9196078431372549, 0.8043137254901961, 0.14429300315368634, 0.8043137254901961, 0.16666666666666666, 0.6666666666666666], [153.0, 257.0, 0.6527233115468409, 0.9803921568627452, 0.84568097509274, 0.07469064021398707, 0.8456809750927399, 0.6666666666666666, 0.2222222222222222], [214.0, 256.0, 0.5555555555555556, 1.0, 0.811245181833417, 0.12228311956436573, 0.8112451818334172, 0.5, 0.6666666666666666], [328.0, 256.0, 0.794686907020873, 0.9562302340290955, 0.9008503759926909, 0.04127482230795316, 0.9008503759926908, 0.16129032258064516, 0.12903225806451613], [362.0, 256.0, 0.6527233115468409, 0.9803921568627452, 0.84568097509274, 0.07469064021398707, 0.8456809750927399, 0.6666666666666666, 0.2222222222222222], [62.0, 376.0, 0.6527233115468409, 0.9803921568627452, 0.84568097509274, 0.07469064021398707, 0.8456809750927399, 0.6666666666666666, 0.2222222222222222], [170.0, 381.0, 0.5281045751633987, 0.9196078431372549, 0.8043137254901961, 0.14429300315368634, 0.8043137254901961, 0.16666666666666666, 0.6666666666666666], [304.0, 381.0, 0.794686907020873, 0.9562302340290955, 0.9008503759926909, 0.04127482230795316, 0.9008503759926908, 0.16129032258064516, 0.12903225806451613], [365.0, 381.0, 0.45555555555555555, 0.9986928104575163, 0.7735042735042735, 0.1718044280407325, 0.7735042735042735, 0.5, 0.0], [404.0, 376.0, 0.45555555555555555, 0.9986928104575163, 0.7735042735042735, 0.1718044280407325, 0.7735042735042735, 0.5, 0.0], [491.0, 376.0, 0.45555555555555555, 0.9986928104575163, 0.7735042735042735, 0.1718044280407325, 0.7735042735042735, 0.5, 0.0], [62.0, 415.0, 0.6527233115468409, 0.9803921568627452, 0.84568097509274, 0.07469064021398707, 0.8456809750927399, 0.6666666666666666, 0.2222222222222222], [143.0, 415.0, 0.6527233115468409, 0.9803921568627452, 0.84568097509274, 0.07469064021398707, 0.8456809750927399, 0.6666666666666666, 0.2222222222222222], [174.0, 415.0, 0.6527233115468409, 0.9803921568627452, 0.84568097509274, 0.07469064021398707, 0.8456809750927399, 0.6666666666666666, 0.2222222222222222], [212.0, 416.0, 0.6527233115468409, 0.9803921568627452, 0.84568097509274, 0.07469064021398707, 0.8456809750927399, 0.6666666666666666, 0.2222222222222222], [288.0, 416.0, 0.6527233115468409, 0.9803921568627452, 0.84568097509274, 0.07469064021398707, 0.8456809750927399, 0.6666666666666666, 0.2222222222222222], [324.0, 416.0, 0.6527233115468409, 0.9803921568627452, 0.84568097509274, 0.07469064021398707, 0.8456809750927399, 0.6666666666666666, 0.2222222222222222], [359.0, 415.0, 